{
  "code": 200,
  "msg": "success",
  "data": [
    {
      "time_consuming": null,
      "stepname": "launch（9）",
      "startTime": 1575959736000,
      "url": "",
      "api_details": ""
    },
    {
      "time_consuming": 442,
      "stepname": "",
      "url": "https://bankpreidc.zatech.com/ci/punicy/dict/find",
      "pipe": null,
      "startTime": 1575959736179,
      "api_details": "{\"code\":\"CC0000\",\"msg\":\"成功\",\"serverTime\":\"2019-12-10 14:35:36\",\"value\":{\"checksum\":\"1575539116\",\"detail\":null},\"success\":true}"
    },
    {
      "time_consuming": 32,
      "stepname": "",
      "url": "https://bankpreidc.zatech.com/mb/pwd23q/queryDict",
      "pipe": null,
      "startTime": 1575959738000,
      "api_details": "{\"code\":\"MB0000\",\"msg\":\"success\",\"serverTime\":\"2019-12-10 14:35:38\",\"value\":{\"dictList\":[{\"language\":\"ca\",\"dictData\":[{\"key\":\"activity_title_hl\",\"value\":\"7x24\"},{\"key\":\"activity_title\",\"value\":\"定期存款\\n7x24 即時開立\"}]},{\"language\":\"en\",\"dictData\":[{\"key\":\"activity_title_hl\",\"value\":\"7x24\"},{\"key\":\"activity_title\",\"value\":\"Time Deposits\\n7x24 Instant\"}]},{\"language\":\"zh\",\"dictData\":[{\"key\":\"activity_title_hl\",\"value\":\"7x24\"},{\"key\":\"activity_title\",\"value\":\"定期存款\\n7x24 立即开立\"}]}]},\"success\":true}"
    },
    {
      "time_consuming": 104,
      "stepname": "",
      "url": "https://bankpreidc.zatech.com/loan/pyazye/product/list",
      "pipe": null,
      "startTime": 1575959738002,
      "api_details": "{\"code\":\"ZL0000\",\"msg\":\"成功\",\"serverTime\":\"2019-12-10 14:35:38\",\"value\":{\"details\":[{\"productName\":\"分期贷\",\"productCode\":\"FQD\",\"productType\":1,\"maxQuota\":1000000,\"minQuota\":5000,\"increUnit\":1000,\"minMonthIncome\":8000,\"yearRate\":0.0713,\"minAge\":18,\"maxAge\":60,\"installmentPeriods\":[3,6,9,12,18,24,36,48,60]}]},\"success\":true}"
    },
    {
      "time_consuming": 69,
      "stepname": "",
      "url": "https://bankpreidc.zatech.com/appConfig/pi1db3/version/app-version?sign=11F7F4E8170C7FAA1276CCB0B21880C752542ADA906C285D9EDDFE8586218F43&signVersion=V1&timestamp=1575959736",
      "pipe": null,
      "startTime": 1575959738013,
      "api_details": "{\"code\":\"AC0000\",\"msg\":\"success\",\"serverTime\":\"2019-12-10 14:35:38\",\"value\":{\"upgradeType\":0,\"reddotFlag\":0,\"appStoreUrl\":\"http://bank-uat-mbsconfig.zatech.com/#/sys-appDispose-add-update\",\"title\":null,\"content\":null,\"latestVersion\":\"33.77.78\"},\"success\":true}"
    },
    {
      "time_consuming": 74,
      "stepname": "",
      "url": "https://bankpreidc.zatech.com/acc/pav2bk/deposit/ccy-list",
      "pipe": null,
      "startTime": 1575959738060,
      "api_details": "{\"code\":\"CC0000\",\"msg\":\"成功\",\"serverTime\":\"2019-12-10 14:35:38\",\"value\":{\"ccyCount\":\"21\",\"ccys\":[{\"currency\":\"HKD\",\"minimumAmout\":\"1.00\"},{\"currency\":\"CNY\",\"minimumAmout\":\"1.00\"},{\"currency\":\"USD\",\"minimumAmout\":\"1.00\"}]},\"success\":true}"
    },
    {
      "time_consuming": 27,
      "stepname": "",
      "url": "https://bankpreidc.zatech.com/letter/pkaogf/announcement/query?sign=ED2F37A4BAC95E7FD2F5FBBB9E7D84BEA010D76B30716A17396E39695C1B3ADD&signVersion=V1&timestamp=1575959738",
      "pipe": null,
      "startTime": 1575959738114,
      "api_details": "{\"code\":\"LT0000\",\"msg\":\"success\",\"serverTime\":\"2019-12-10 06:35:38\",\"value\":{\"list\":[]},\"success\":true}"
    },
    {
      "time_consuming": 53,
      "stepname": "",
      "url": "https://bankpreidc.zatech.com/loan/pxmifj/application/get-pending",
      "pipe": null,
      "startTime": 1575959738136,
      "api_details": "{\"code\":\"ZL0000\",\"msg\":\"成功\",\"serverTime\":\"2019-12-10 14:35:38\",\"value\":{\"status\":1,\"availableTime\":\"2019-12-10 14:35:38\",\"tokenValid\":false,\"loanApplication\":null},\"success\":true}"
    },
    {
      "time_consuming": 189,
      "stepname": "",
      "url": "https://bankpreidc.zatech.com/acc/pid8dc/rate/find",
      "pipe": null,
      "startTime": 1575959738169,
      "api_details": "{\"code\":\"CC0000\",\"msg\":\"成功\",\"serverTime\":\"2019-12-10 14:35:38\",\"value\":[{\"tenOr\":\"7\",\"rate\":1.96000000,\"miniDepositAmount\":\"1.00\",\"couponList\":[]},{\"tenOr\":\"101\",\"rate\":2.00000000,\"miniDepositAmount\":\"1.00\",\"couponList\":[]},{\"tenOr\":\"102\",\"rate\":2.20000000,\"miniDepositAmount\":\"1.00\",\"couponList\":[]},{\"tenOr\":\"103\",\"rate\":2.00000000,\"miniDepositAmount\":\"1.00\",\"couponList\":[]},{\"tenOr\":\"106\",\"rate\":2.40000000,\"miniDepositAmount\":\"1.00\",\"couponList\":[]},{\"tenOr\":\"112\",\"rate\":2.50000000,\"miniDepositAmount\":\"1.00\",\"couponList\":[]},{\"tenOr\":\"124\",\"rate\":5.12340000,\"miniDepositAmount\":\"1.00\",\"couponList\":[]}],\"success\":true}"
    },
    {
      "time_consuming": 33,
      "stepname": "",
      "url": "https://bankpreidc.zatech.com/mb/pwd23q/queryDict",
      "pipe": null,
      "startTime": 1575959738221,
      "api_details": "{\"code\":\"MB0000\",\"msg\":\"success\",\"serverTime\":\"2019-12-10 14:35:38\",\"value\":{\"dictList\":[{\"language\":\"ca\",\"dictData\":[{\"key\":\"product_name\",\"value\":\"分期貸款\"},{\"key\":\"product_slogan\",\"value\":\"7x24網上申請 即時過數\\t\"},{\"key\":\"product_description\",\"value\":null},{\"key\":\"product_image\",\"value\":null},{\"key\":\"product_action\",\"value\":null}]},{\"language\":\"zh\",\"dictData\":[{\"key\":\"product_name\",\"value\":\"分期贷\"},{\"key\":\"product_slogan\",\"value\":\"7×24网上申请 立刻提现\"},{\"key\":\"product_description\",\"value\":null},{\"key\":\"product_image\",\"value\":null},{\"key\":\"product_action\",\"value\":null}]},{\"language\":\"en\",\"dictData\":[{\"key\":\"product_name\",\"value\":\"Instalment Loan\"},{\"key\":\"product_slogan\",\"value\":\"7x24 online application with instant fund transfer\\t\"},{\"key\":\"product_description\",\"value\":null},{\"key\":\"product_image\",\"value\":null},{\"key\":\"product_action\",\"value\":null}]}]},\"success\":true}"
    },
    {
      "time_consuming": null,
      "stepname": "点击去首页",
      "startTime": 1575959746000,
      "url": "",
      "api_details": ""
    },
    {
      "time_consuming": null,
      "stepname": "点击去登录",
      "startTime": 1575959757000,
      "url": "",
      "api_details": ""
    },
    {
      "time_consuming": null,
      "stepname": "点击登录密码",
      "startTime": 1575959768000,
      "url": "",
      "api_details": ""
    },
    {
      "time_consuming": null,
      "stepname": "点击a",
      "startTime": 1575959780000,
      "url": "",
      "api_details": ""
    },
    {
      "time_consuming": null,
      "stepname": "点击a",
      "startTime": 1575959792000,
      "url": "",
      "api_details": ""
    },
    {
      "time_consuming": null,
      "stepname": "点击123切换键盘",
      "startTime": 1575959804000,
      "url": "",
      "api_details": ""
    },
    {
      "time_consuming": null,
      "stepname": "点击1",
      "startTime": 1575959815000,
      "url": "",
      "api_details": ""
    },
    {
      "time_consuming": null,
      "stepname": "点击2",
      "startTime": 1575959827000,
      "url": "",
      "api_details": ""
    },
    {
      "time_consuming": null,
      "stepname": "点击3",
      "startTime": 1575959839000,
      "url": "",
      "api_details": ""
    },
    {
      "time_consuming": null,
      "stepname": "点击4",
      "startTime": 1575959851000,
      "url": "",
      "api_details": ""
    },
    {
      "time_consuming": null,
      "stepname": "点击5",
      "startTime": 1575959863000,
      "url": "",
      "api_details": ""
    },
    {
      "time_consuming": null,
      "stepname": "点击6",
      "startTime": 1575959874000,
      "url": "",
      "api_details": ""
    },
    {
      "time_consuming": null,
      "stepname": "点击完成",
      "startTime": 1575959886000,
      "url": "",
      "api_details": ""
    },
    {
      "time_consuming": null,
      "stepname": "点击登录（25）",
      "startTime": 1575959898000,
      "url": "",
      "api_details": ""
    },
    {
      "time_consuming": 104,
      "stepname": "",
      "url": "https://bankpreidc.zatech.com/uc/pythrs/random/get",
      "pipe": null,
      "startTime": 1575959898085,
      "api_details": "{\"code\":\"UC0000\",\"msg\":\"success\",\"serverTime\":\"2019-12-10 06:38:18\",\"value\":{\"random\":\"4491221344587543552\"},\"success\":true}"
    },
    {
      "time_consuming": 363,
      "stepname": "",
      "url": "https://bankpreidc.zatech.com/uc/pylisc/login",
      "pipe": null,
      "startTime": 1575959898293,
      "api_details": "{\"code\":\"UC0000\",\"msg\":\"success\",\"serverTime\":\"2019-12-10 06:38:18\",\"value\":{\"loginStatus\":1,\"mobile\":\"45787888\",\"email\":\"gjuw@163.com\",\"serialNumber\":null,\"userToken\":\"eyJ0eXAiOiJKV1QiLCJhbGciOiJIUzI1NiJ9.eyJmaXJzdEZsYWciOmZhbHNlLCJ1c2VyUm9sZSI6MSwidXNlcklkIjo3NjA5NjM5NjcwMjY5OTcyNDgsImNoZWNrQ29kZSI6IjdhYjA2OGQwMjEyOTQ1NDliN2NjN2ZjZTdiOWI1ZjY0In0.fUXqNjfJKg1ry4s9cKzjyzUvzAGuq1gaO4vzKX__01Q\",\"securityKey\":\"eyJ0eXAiOiJKV1QiLCJhbGciOiJIUzI1NiJ9.eyJ1c2VyUm9sZSI6MSwiZXhwIjoxNTgzNzM1ODk4LCJ1c2VySWQiOjc2MDk2Mzk2NzAyNjk5NzI0OCwiY2hlY2tDb2RlIjoiYmFlMWQzODE1MTQ0NGY3MTg2ZGQ5YWRjYWMxNWIwMGYifQ.zumOYiZTwB7FpOZ8dr41AHHlpyMHly75Swk1-gbdqjo\",\"telephoneCode\":\"+852\"},\"success\":true}"
    },
    {
      "time_consuming": 361,
      "stepname": "",
      "url": "https://bankpreidc.zatech.com/core/n4m0wy/user-info/get",
      "pipe": null,
      "startTime": 1575959898863,
      "api_details": "{\"code\":\"CC0000\",\"msg\":\"成功\",\"serverTime\":\"2019-12-10 14:38:19\",\"value\":{\"telephoneCode\":\"+852\",\"mobile\":\"45787888\",\"nickname\":\"kakaxi\",\"headPortraitUrl\":null,\"email\":\"gjuw@163.com\",\"emailOtp\":true,\"employmentFlag\":true,\"firstName\":\"Tsz Ching\",\"lastName\":\"IP\",\"sex\":\"3\",\"bizType\":\"ACCOUNT\"},\"success\":true}"
    },
    {
      "time_consuming": 134,
      "stepname": "",
      "url": "https://bankpreidc.zatech.com/ci/nyctro/acc/get",
      "pipe": null,
      "startTime": 1575959898966,
      "api_details": "{\"code\":\"CC0000\",\"msg\":\"成功\",\"serverTime\":\"2019-12-10 14:38:19\",\"value\":{\"customerNo\":\"8000001807\",\"accountNo\":\"881001021022\",\"customerStatus\":\"C00\",\"dailyLimit\":400000.00,\"svtLimit\":10.00,\"sysDailyLimit\":1000000.00,\"sysSvtLimit\":10000.00,\"limitFlag\":1,\"lastTranDate\":\"2019-11-14\"},\"success\":true}"
    },
    {
      "time_consuming": 113,
      "stepname": "",
      "url": "https://bankpreidc.zatech.com/ci/nyctro/acc/get",
      "pipe": null,
      "startTime": 1575959898968,
      "api_details": "{\"code\":\"CC0000\",\"msg\":\"成功\",\"serverTime\":\"2019-12-10 14:38:19\",\"value\":{\"customerNo\":\"8000001807\",\"accountNo\":\"881001021022\",\"customerStatus\":\"C00\",\"dailyLimit\":400000.00,\"svtLimit\":10.00,\"sysDailyLimit\":1000000.00,\"sysSvtLimit\":10000.00,\"limitFlag\":1,\"lastTranDate\":\"2019-11-14\"},\"success\":true}"
    },
    {
      "time_consuming": 123,
      "stepname": "",
      "url": "https://bankpreidc.zatech.com/acc/pav2bk/deposit/ccy-list",
      "pipe": null,
      "startTime": 1575959898985,
      "api_details": "{\"code\":\"CC0000\",\"msg\":\"成功\",\"serverTime\":\"2019-12-10 14:38:19\",\"value\":{\"ccyCount\":\"21\",\"ccys\":[{\"currency\":\"HKD\",\"minimumAmout\":\"1.00\"},{\"currency\":\"CNY\",\"minimumAmout\":\"1.00\"},{\"currency\":\"USD\",\"minimumAmout\":\"1.00\"}]},\"success\":true}"
    },
    {
      "time_consuming": 65,
      "stepname": "",
      "url": "https://bankpreidc.zatech.com/core/normal/account/info",
      "pipe": null,
      "startTime": 1575959899105,
      "api_details": "{\"code\":\"CC0000\",\"msg\":\"成功\",\"serverTime\":\"2019-12-10 14:38:19\",\"value\":{\"accountStatus\":\"A00\",\"accountOpenDate\":\"2023-05-10\",\"liteAccount\":false,\"restricted\":false,\"upgradeStatus\":2,\"cdds\":[{\"step\":1,\"status\":true},{\"step\":2,\"status\":true}]},\"success\":true}"
    },
    {
      "time_consuming": 72,
      "stepname": "",
      "url": "https://bankpreidc.zatech.com/core/normal/account/info",
      "pipe": null,
      "startTime": 1575959899120,
      "api_details": "{\"code\":\"CC0000\",\"msg\":\"成功\",\"serverTime\":\"2019-12-10 14:38:19\",\"value\":{\"accountStatus\":\"A00\",\"accountOpenDate\":\"2023-05-10\",\"liteAccount\":false,\"restricted\":false,\"upgradeStatus\":2,\"cdds\":[{\"step\":1,\"status\":true},{\"step\":2,\"status\":true}]},\"success\":true}"
    },
    {
      "time_consuming": 80,
      "stepname": "",
      "url": "https://bankpreidc.zatech.com/acc/ncsate/asset/find",
      "pipe": null,
      "startTime": 1575959899185,
      "api_details": "{\"code\":\"CC0000\",\"msg\":\"成功\",\"serverTime\":\"2019-12-10 14:38:19\",\"value\":{\"totalLocalBalance\":223307.36,\"details\":[{\"ccy\":\"HKD\",\"subBalance\":223307.36,\"tdCnt\":42,\"subdetail\":[{\"ccy\":\"HKD\",\"bizType\":\"SA\",\"balance\":196281.22,\"accountCount\":1,\"localBalance\":196281.22,\"lastTxnDate\":\"20240701\"},{\"ccy\":\"HKD\",\"bizType\":\"TD\",\"balance\":27026.14,\"accountCount\":42,\"localBalance\":27026.14,\"lastTxnDate\":\"\"}]},{\"ccy\":\"CNY\",\"subBalance\":0.0,\"tdCnt\":0,\"subdetail\":[{\"ccy\":\"CNY\",\"bizType\":\"SA\",\"balance\":0.00,\"accountCount\":1,\"localBalance\":0.00,\"lastTxnDate\":\"\"},{\"ccy\":\"CNY\",\"bizType\":\"TD\",\"balance\":0,\"accountCount\":null,\"localBalance\":0,\"lastTxnDate\":null}]},{\"ccy\":\"USD\",\"subBalance\":0.0,\"tdCnt\":0,\"subdetail\":[{\"ccy\":\"USD\",\"bizType\":\"SA\",\"balance\":0.00,\"accountCount\":1,\"localBalance\":0.00,\"lastTxnDate\":\"\"},{\"ccy\":\"USD\",\"bizType\":\"TD\",\"balance\":0,\"accountCount\":null,\"localBalance\":0,\"lastTxnDate\":null}]}]},\"success\":true}"
    },
    {
      "time_consuming": 284,
      "stepname": "",
      "url": "https://bankpreidc.zatech.com/acc/tutysr/current/find",
      "pipe": null,
      "startTime": 1575959899212,
      "api_details": "{\"code\":\"CC0000\",\"msg\":\"成功\",\"serverTime\":\"2019-12-10 14:38:19\",\"value\":{\"liteAccount\":false,\"limitAccount\":false,\"hasOtp\":true,\"restricted\":false,\"bizType\":\"ACCOUNT\",\"cdds\":null,\"productCode\":\"DD000001\",\"customerNo\":\"8000001807\",\"cnName\":\"葉芷暵\",\"enName\":\"IP Tsz Ching\",\"accountStatus\":\"A00\",\"accountOpenDate\":\"2023-05-10\",\"details\":[{\"ccy\":\"AUD\",\"currentBalance\":0.00,\"availableBalance\":0.00,\"lastFloatBalance\":0.00,\"todayFloatBalance\":0.00,\"specialFloatBalance\":0.00,\"holdAmount\":0.00,\"odLimit\":null,\"rate\":0.0},{\"ccy\":\"CAD\",\"currentBalance\":0.00,\"availableBalance\":0.00,\"lastFloatBalance\":0.00,\"todayFloatBalance\":0.00,\"specialFloatBalance\":0.00,\"holdAmount\":0.00,\"odLimit\":null,\"rate\":0.0},{\"ccy\":\"CHF\",\"currentBalance\":0.00,\"availableBalance\":0.00,\"lastFloatBalance\":0.00,\"todayFloatBalance\":0.00,\"specialFloatBalance\":0.00,\"holdAmount\":0.00,\"odLimit\":null,\"rate\":0.0},{\"ccy\":\"CNY\",\"currentBalance\":0.00,\"availableBalance\":0.00,\"lastFloatBalance\":0.00,\"todayFloatBalance\":0.00,\"specialFloatBalance\":0.00,\"holdAmount\":0.00,\"odLimit\":null,\"rate\":0.3},{\"ccy\":\"EUR\",\"currentBalance\":0.00,\"availableBalance\":0.00,\"lastFloatBalance\":0.00,\"todayFloatBalance\":0.00,\"specialFloatBalance\":0.00,\"holdAmount\":0.00,\"odLimit\":null,\"rate\":0.0},{\"ccy\":\"GBP\",\"currentBalance\":0.00,\"availableBalance\":0.00,\"lastFloatBalance\":0.00,\"todayFloatBalance\":0.00,\"specialFloatBalance\":0.00,\"holdAmount\":0.00,\"odLimit\":null,\"rate\":0.0},{\"ccy\":\"HKD\",\"currentBalance\":196281.22,\"availableBalance\":196281.22,\"lastFloatBalance\":0.00,\"todayFloatBalance\":0.00,\"specialFloatBalance\":0.00,\"holdAmount\":0.00,\"odLimit\":null,\"rate\":1.68},{\"ccy\":\"JPY\",\"currentBalance\":0.00,\"availableBalance\":0.00,\"lastFloatBalance\":0.00,\"todayFloatBalance\":0.00,\"specialFloatBalance\":0.00,\"holdAmount\":0.00,\"odLimit\":null,\"rate\":0.0},{\"ccy\":\"USD\",\"currentBalance\":0.00,\"availableBalance\":0.00,\"lastFloatBalance\":0.00,\"todayFloatBalance\":0.00,\"specialFloatBalance\":0.00,\"holdAmount\":0.00,\"odLimit\":null,\"rate\":0.25}]},\"success\":true}"
    },
    {
      "time_consuming": 49,
      "stepname": "",
      "url": "https://bankpreidc.zatech.com/loan/pxmifj/application/get-pending",
      "pipe": null,
      "startTime": 1575959899291,
      "api_details": "{\"code\":\"ZL0000\",\"msg\":\"成功\",\"serverTime\":\"2019-12-10 14:38:19\",\"value\":{\"status\":1,\"availableTime\":\"2019-12-10 14:38:19\",\"tokenValid\":true,\"loanApplication\":null},\"success\":true}"
    },
    {
      "time_consuming": 97,
      "stepname": "",
      "url": "https://bankpreidc.zatech.com/acc/nishid/tran/query",
      "pipe": null,
      "startTime": 1575959899295,
      "api_details": "{\"code\":\"CC0000\",\"msg\":\"成功\",\"serverTime\":\"2019-12-10 14:38:19\",\"value\":{\"nextKey\":\"20240502000001829000220191126160718\",\"count\":15,\"details\":[{\"month\":\"201912\",\"tranHist\":[{\"tranMonth\":\"201912\",\"tranDateTime\":\"1575465896000\",\"drcrFlag\":\"C\",\"ccy\":\"HKD\",\"amount\":270.66,\"otherName\":\"众安银行\",\"txMmo\":\"PIA\",\"transactionNo\":\"202407019000055330001\",\"merchantIcon\":\"\",\"tranDetailFlag\":true,\"defaultFlag\":null,\"mmoName\":\"活期利息\",\"tranHistType\":\"currentInterest\",\"bizNo\":\"202407019000055330001\"},{\"tranMonth\":\"201912\",\"tranDateTime\":\"1575292271000\",\"drcrFlag\":\"C\",\"ccy\":\"HKD\",\"amount\":239.25,\"otherName\":\"众安银行\",\"txMmo\":\"PIA\",\"transactionNo\":\"202406019000047820001\",\"merchantIcon\":\"\",\"tranDetailFlag\":true,\"defaultFlag\":null,\"mmoName\":\"活期利息\",\"tranHistType\":\"currentInterest\",\"bizNo\":\"202406019000047820001\"}]},{\"month\":\"201911\",\"tranHist\":[{\"tranMonth\":\"201911\",\"tranDateTime\":\"1574849123000\",\"drcrFlag\":\"\",\"ccy\":\"HKD\",\"amount\":70.00,\"otherName\":\"\",\"txMmo\":\"R00\",\"transactionNo\":\"202405030000020780002\",\"merchantIcon\":\"\",\"tranDetailFlag\":true,\"defaultFlag\":null,\"mmoName\":\"存入定期\",\"tranHistType\":\"regularCheckIn\",\"bizNo\":\"202405030000020780002\"},{\"tranMonth\":\"201911\",\"tranDateTime\":\"1574849004000\",\"drcrFlag\":\"\",\"ccy\":\"HKD\",\"amount\":300.00,\"otherName\":\"\",\"txMmo\":\"R00\",\"transactionNo\":\"202405030000029390002\",\"merchantIcon\":\"\",\"tranDetailFlag\":true,\"defaultFlag\":null,\"mmoName\":\"存入定期\",\"tranHistType\":\"regularCheckIn\",\"bizNo\":\"202405030000029390002\"},{\"tranMonth\":\"201911\",\"tranDateTime\":\"1574848879000\",\"drcrFlag\":\"\",\"ccy\":\"HKD\",\"amount\":100.00,\"otherName\":\"\",\"txMmo\":\"R00\",\"transactionNo\":\"202405030000035440002\",\"merchantIcon\":\"\",\"tranDetailFlag\":true,\"defaultFlag\":null,\"mmoName\":\"存入定期\",\"tranHistType\":\"regularCheckIn\",\"bizNo\":\"202405030000035440002\"},{\"tranMonth\":\"201911\",\"tranDateTime\":\"1574846321000\",\"drcrFlag\":\"\",\"ccy\":\"HKD\",\"amount\":100.00,\"otherName\":\"\",\"txMmo\":\"R00\",\"transactionNo\":\"202405030000022840002\",\"merchantIcon\":\"\",\"tranDetailFlag\":true,\"defaultFlag\":null,\"mmoName\":\"存入定期\",\"tranHistType\":\"regularCheckIn\",\"bizNo\":\"202405030000022840002\"},{\"tranMonth\":\"201911\",\"tranDateTime\":\"1574757995000\",\"drcrFlag\":\"\",\"ccy\":\"HKD\",\"amount\":70.00,\"otherName\":\"\",\"txMmo\":\"R00\",\"transactionNo\":\"202405020000026020002\",\"merchantIcon\":\"\",\"tranDetailFlag\":true,\"defaultFlag\":null,\"mmoName\":\"存入定期\",\"tranHistType\":\"regularCheckIn\",\"bizNo\":\"202405020000026020002\"},{\"tranMonth\":\"201911\",\"tranDateTime\":\"1574757874000\",\"drcrFlag\":\"\",\"ccy\":\"HKD\",\"amount\":300.00,\"otherName\":\"\",\"txMmo\":\"R00\",\"transactionNo\":\"202405020000021750002\",\"merchantIcon\":\"\",\"tranDetailFlag\":true,\"defaultFlag\":null,\"mmoName\":\"存入定期\",\"tranHistType\":\"regularCheckIn\",\"bizNo\":\"202405020000021750002\"},{\"tranMonth\":\"201911\",\"tranDateTime\":\"1574757748000\",\"drcrFlag\":\"\",\"ccy\":\"HKD\",\"amount\":100.00,\"otherName\":\"\",\"txMmo\":\"R00\",\"transactionNo\":\"202405020000033490002\",\"merchantIcon\":\"\",\"tranDetailFlag\":true,\"defaultFlag\":null,\"mmoName\":\"存入定期\",\"tranHistType\":\"regularCheckIn\",\"bizNo\":\"202405020000033490002\"},{\"tranMonth\":\"201911\",\"tranDateTime\":\"1574757322000\",\"drcrFlag\":\"\",\"ccy\":\"HKD\",\"amount\":70.00,\"otherName\":\"\",\"txMmo\":\"R00\",\"transactionNo\":\"202405020000030280002\",\"merchantIcon\":\"\",\"tranDetailFlag\":true,\"defaultFlag\":null,\"mmoName\":\"存入定期\",\"tranHistType\":\"regularCheckIn\",\"bizNo\":\"202405020000030280002\"},{\"tranMonth\":\"201911\",\"tranDateTime\":\"1574757201000\",\"drcrFlag\":\"\",\"ccy\":\"HKD\",\"amount\":300.00,\"otherName\":\"\",\"txMmo\":\"R00\",\"transactionNo\":\"202405020000027680002\",\"merchantIcon\":\"\",\"tranDetailFlag\":true,\"defaultFlag\":null,\"mmoName\":\"存入定期\",\"tranHistType\":\"regularCheckIn\",\"bizNo\":\"202405020000027680002\"},{\"tranMonth\":\"201911\",\"tranDateTime\":\"1574757075000\",\"drcrFlag\":\"\",\"ccy\":\"HKD\",\"amount\":100.00,\"otherName\":\"\",\"txMmo\":\"R00\",\"transactionNo\":\"202405020000026760002\",\"merchantIcon\":\"\",\"tranDetailFlag\":true,\"defaultFlag\":null,\"mmoName\":\"存入定期\",\"tranHistType\":\"regularCheckIn\",\"bizNo\":\"202405020000026760002\"},{\"tranMonth\":\"201911\",\"tranDateTime\":\"1574756072000\",\"drcrFlag\":\"\",\"ccy\":\"HKD\",\"amount\":70.00,\"otherName\":\"\",\"txMmo\":\"R00\",\"transactionNo\":\"202405020000021320002\",\"merchantIcon\":\"\",\"tranDetailFlag\":true,\"defaultFlag\":null,\"mmoName\":\"存入定期\",\"tranHistType\":\"regularCheckIn\",\"bizNo\":\"202405020000021320002\"},{\"tranMonth\":\"201911\",\"tranDateTime\":\"1574755951000\",\"drcrFlag\":\"\",\"ccy\":\"HKD\",\"amount\":300.00,\"otherName\":\"\",\"txMmo\":\"R00\",\"transactionNo\":\"202405020000030470002\",\"merchantIcon\":\"\",\"tranDetailFlag\":true,\"defaultFlag\":null,\"mmoName\":\"存入定期\",\"tranHistType\":\"regularCheckIn\",\"bizNo\":\"202405020000030470002\"},{\"tranMonth\":\"201911\",\"tranDateTime\":\"1574755824000\",\"drcrFlag\":\"\",\"ccy\":\"HKD\",\"amount\":100.00,\"otherName\":\"\",\"txMmo\":\"R00\",\"transactionNo\":\"202405020000027440002\",\"merchantIcon\":\"\",\"tranDetailFlag\":true,\"defaultFlag\":null,\"mmoName\":\"存入定期\",\"tranHistType\":\"regularCheckIn\",\"bizNo\":\"202405020000027440002\"}]}]},\"success\":true}"
    },
    {
      "time_consuming": 224,
      "stepname": "",
      "url": "https://bankpreidc.zatech.com/acc/pid8dc/rate/find",
      "pipe": null,
      "startTime": 1575959899298,
      "api_details": "{\"code\":\"CC0000\",\"msg\":\"成功\",\"serverTime\":\"2019-12-10 14:38:19\",\"value\":[{\"tenOr\":\"7\",\"rate\":1.96000000,\"miniDepositAmount\":\"1.00\",\"couponList\":[]},{\"tenOr\":\"101\",\"rate\":2.00000000,\"miniDepositAmount\":\"1.00\",\"couponList\":[]},{\"tenOr\":\"102\",\"rate\":2.20000000,\"miniDepositAmount\":\"1.00\",\"couponList\":[]},{\"tenOr\":\"103\",\"rate\":2.00000000,\"miniDepositAmount\":\"1.00\",\"couponList\":[]},{\"tenOr\":\"106\",\"rate\":2.40000000,\"miniDepositAmount\":\"1.00\",\"couponList\":[]},{\"tenOr\":\"112\",\"rate\":2.50000000,\"miniDepositAmount\":\"1.00\",\"couponList\":[]},{\"tenOr\":\"124\",\"rate\":5.12340000,\"miniDepositAmount\":\"1.00\",\"couponList\":[]}],\"success\":true}"
    },
    {
      "time_consuming": 38,
      "stepname": "",
      "url": "https://bankpreidc.zatech.com/loan/pzbedc/repayment/query-recent-repayment",
      "pipe": null,
      "startTime": 1575959899387,
      "api_details": "{\"code\":\"ZL0000\",\"msg\":\"成功\",\"serverTime\":\"2019-12-10 14:38:19\",\"value\":{\"details\":[]},\"success\":true}"
    },
    {
      "time_consuming": 28,
      "stepname": "",
      "url": "https://bankpreidc.zatech.com/letter/nckfj3/reddot/num?sign=1DF1F668E478AF2429DB53F576CEC35E9EEC65883C8EDD29EE3F361D2D45C000&signVersion=V1&timestamp=1575959899",
      "pipe": null,
      "startTime": 1575959899430,
      "api_details": "{\"code\":\"LT0000\",\"msg\":\"success\",\"serverTime\":\"2019-12-10 06:38:19\",\"value\":{\"msgNum\":\"6\",\"unReads\":\"2264553,2265089,2265794,2267043,2267048,2268147\"},\"success\":true}"
    },
    {
      "time_consuming": 35,
      "stepname": "",
      "url": "https://bankpreidc.zatech.com/letter/pkaogf/announcement/query?sign=1DF1F668E478AF2429DB53F576CEC35E9EEC65883C8EDD29EE3F361D2D45C000&signVersion=V1&timestamp=1575959899",
      "pipe": null,
      "startTime": 1575959899523,
      "api_details": "{\"code\":\"LT0000\",\"msg\":\"success\",\"serverTime\":\"2019-12-10 06:38:19\",\"value\":{\"list\":[]},\"success\":true}"
    },
    {
      "time_consuming": 68,
      "stepname": "",
      "url": "https://bankpreidc.zatech.com/core/normal/account/info",
      "pipe": null,
      "startTime": 1575959899600,
      "api_details": "{\"code\":\"CC0000\",\"msg\":\"成功\",\"serverTime\":\"2019-12-10 14:38:19\",\"value\":{\"accountStatus\":\"A00\",\"accountOpenDate\":\"2023-05-10\",\"liteAccount\":false,\"restricted\":false,\"upgradeStatus\":2,\"cdds\":[{\"step\":1,\"status\":true},{\"step\":2,\"status\":true}]},\"success\":true}"
    },
    {
      "time_consuming": 339,
      "stepname": "",
      "url": "https://bankpreidc.zatech.com/acc/nutysr/current/find",
      "pipe": null,
      "startTime": 1575959899752,
      "api_details": "{\"code\":\"CC0000\",\"msg\":\"成功\",\"serverTime\":\"2019-12-10 14:38:19\",\"value\":{\"liteAccount\":false,\"limitAccount\":false,\"hasOtp\":true,\"restricted\":false,\"bizType\":\"ACCOUNT\",\"cdds\":null,\"productCode\":\"DD000001\",\"customerNo\":\"8000001807\",\"cnName\":\"葉芷暵\",\"enName\":\"IP Tsz Ching\",\"accountStatus\":\"A00\",\"accountOpenDate\":\"2023-05-10\",\"details\":[{\"ccy\":\"AUD\",\"currentBalance\":0.00,\"availableBalance\":0.00,\"lastFloatBalance\":0.00,\"todayFloatBalance\":0.00,\"specialFloatBalance\":0.00,\"holdAmount\":0.00,\"odLimit\":null,\"rate\":0.0},{\"ccy\":\"CAD\",\"currentBalance\":0.00,\"availableBalance\":0.00,\"lastFloatBalance\":0.00,\"todayFloatBalance\":0.00,\"specialFloatBalance\":0.00,\"holdAmount\":0.00,\"odLimit\":null,\"rate\":0.0},{\"ccy\":\"CHF\",\"currentBalance\":0.00,\"availableBalance\":0.00,\"lastFloatBalance\":0.00,\"todayFloatBalance\":0.00,\"specialFloatBalance\":0.00,\"holdAmount\":0.00,\"odLimit\":null,\"rate\":0.0},{\"ccy\":\"CNY\",\"currentBalance\":0.00,\"availableBalance\":0.00,\"lastFloatBalance\":0.00,\"todayFloatBalance\":0.00,\"specialFloatBalance\":0.00,\"holdAmount\":0.00,\"odLimit\":null,\"rate\":0.3},{\"ccy\":\"EUR\",\"currentBalance\":0.00,\"availableBalance\":0.00,\"lastFloatBalance\":0.00,\"todayFloatBalance\":0.00,\"specialFloatBalance\":0.00,\"holdAmount\":0.00,\"odLimit\":null,\"rate\":0.0},{\"ccy\":\"GBP\",\"currentBalance\":0.00,\"availableBalance\":0.00,\"lastFloatBalance\":0.00,\"todayFloatBalance\":0.00,\"specialFloatBalance\":0.00,\"holdAmount\":0.00,\"odLimit\":null,\"rate\":0.0},{\"ccy\":\"HKD\",\"currentBalance\":196281.22,\"availableBalance\":196281.22,\"lastFloatBalance\":0.00,\"todayFloatBalance\":0.00,\"specialFloatBalance\":0.00,\"holdAmount\":0.00,\"odLimit\":null,\"rate\":1.68},{\"ccy\":\"JPY\",\"currentBalance\":0.00,\"availableBalance\":0.00,\"lastFloatBalance\":0.00,\"todayFloatBalance\":0.00,\"specialFloatBalance\":0.00,\"holdAmount\":0.00,\"odLimit\":null,\"rate\":0.0},{\"ccy\":\"USD\",\"currentBalance\":0.00,\"availableBalance\":0.00,\"lastFloatBalance\":0.00,\"todayFloatBalance\":0.00,\"specialFloatBalance\":0.00,\"holdAmount\":0.00,\"odLimit\":null,\"rate\":0.25}]},\"success\":true}"
    },
    {
      "time_consuming": 73,
      "stepname": "",
      "url": "https://bankpreidc.zatech.com/core/normal/account/info",
      "pipe": null,
      "startTime": 1575959900269,
      "api_details": "{\"code\":\"CC0000\",\"msg\":\"成功\",\"serverTime\":\"2019-12-10 14:38:20\",\"value\":{\"accountStatus\":\"A00\",\"accountOpenDate\":\"2023-05-10\",\"liteAccount\":false,\"restricted\":false,\"upgradeStatus\":2,\"cdds\":[{\"step\":1,\"status\":true},{\"step\":2,\"status\":true}]},\"success\":true}"
    },
    {
      "time_consuming": 62,
      "stepname": "",
      "url": "https://bankpreidc.zatech.com/ci/nyctro/acc/get",
      "pipe": null,
      "startTime": 1575959901612,
      "api_details": "{\"code\":\"CC0000\",\"msg\":\"成功\",\"serverTime\":\"2019-12-10 14:38:21\",\"value\":{\"customerNo\":\"8000001807\",\"accountNo\":\"881001021022\",\"customerStatus\":\"C00\",\"dailyLimit\":400000.00,\"svtLimit\":10.00,\"sysDailyLimit\":1000000.00,\"sysSvtLimit\":10000.00,\"limitFlag\":1,\"lastTranDate\":\"2019-11-14\"},\"success\":true}"
    },
    {
      "time_consuming": 96,
      "stepname": "",
      "url": "https://bankpreidc.zatech.com/acc/ncsate/asset/find",
      "pipe": null,
      "startTime": 1575959901785,
      "api_details": "{\"code\":\"CC0000\",\"msg\":\"成功\",\"serverTime\":\"2019-12-10 14:38:21\",\"value\":{\"totalLocalBalance\":223307.36,\"details\":[{\"ccy\":\"HKD\",\"subBalance\":223307.36,\"tdCnt\":42,\"subdetail\":[{\"ccy\":\"HKD\",\"bizType\":\"SA\",\"balance\":196281.22,\"accountCount\":1,\"localBalance\":196281.22,\"lastTxnDate\":\"20240701\"},{\"ccy\":\"HKD\",\"bizType\":\"TD\",\"balance\":27026.14,\"accountCount\":42,\"localBalance\":27026.14,\"lastTxnDate\":\"\"}]},{\"ccy\":\"CNY\",\"subBalance\":0.0,\"tdCnt\":0,\"subdetail\":[{\"ccy\":\"CNY\",\"bizType\":\"SA\",\"balance\":0.00,\"accountCount\":1,\"localBalance\":0.00,\"lastTxnDate\":\"\"},{\"ccy\":\"CNY\",\"bizType\":\"TD\",\"balance\":0,\"accountCount\":null,\"localBalance\":0,\"lastTxnDate\":null}]},{\"ccy\":\"USD\",\"subBalance\":0.0,\"tdCnt\":0,\"subdetail\":[{\"ccy\":\"USD\",\"bizType\":\"SA\",\"balance\":0.00,\"accountCount\":1,\"localBalance\":0.00,\"lastTxnDate\":\"\"},{\"ccy\":\"USD\",\"bizType\":\"TD\",\"balance\":0,\"accountCount\":null,\"localBalance\":0,\"lastTxnDate\":null}]}]},\"success\":true}"
    },
    {
      "time_consuming": 96,
      "stepname": "",
      "url": "https://bankpreidc.zatech.com/acc/nishid/tran/query",
      "pipe": null,
      "startTime": 1575959901787,
      "api_details": "{\"code\":\"CC0000\",\"msg\":\"成功\",\"serverTime\":\"2019-12-10 14:38:21\",\"value\":{\"nextKey\":\"20240502000001829000220191126160718\",\"count\":15,\"details\":[{\"month\":\"201912\",\"tranHist\":[{\"tranMonth\":\"201912\",\"tranDateTime\":\"1575465896000\",\"drcrFlag\":\"C\",\"ccy\":\"HKD\",\"amount\":270.66,\"otherName\":\"众安银行\",\"txMmo\":\"PIA\",\"transactionNo\":\"202407019000055330001\",\"merchantIcon\":\"\",\"tranDetailFlag\":true,\"defaultFlag\":null,\"mmoName\":\"活期利息\",\"tranHistType\":\"currentInterest\",\"bizNo\":\"202407019000055330001\"},{\"tranMonth\":\"201912\",\"tranDateTime\":\"1575292271000\",\"drcrFlag\":\"C\",\"ccy\":\"HKD\",\"amount\":239.25,\"otherName\":\"众安银行\",\"txMmo\":\"PIA\",\"transactionNo\":\"202406019000047820001\",\"merchantIcon\":\"\",\"tranDetailFlag\":true,\"defaultFlag\":null,\"mmoName\":\"活期利息\",\"tranHistType\":\"currentInterest\",\"bizNo\":\"202406019000047820001\"}]},{\"month\":\"201911\",\"tranHist\":[{\"tranMonth\":\"201911\",\"tranDateTime\":\"1574849123000\",\"drcrFlag\":\"\",\"ccy\":\"HKD\",\"amount\":70.00,\"otherName\":\"\",\"txMmo\":\"R00\",\"transactionNo\":\"202405030000020780002\",\"merchantIcon\":\"\",\"tranDetailFlag\":true,\"defaultFlag\":null,\"mmoName\":\"存入定期\",\"tranHistType\":\"regularCheckIn\",\"bizNo\":\"202405030000020780002\"},{\"tranMonth\":\"201911\",\"tranDateTime\":\"1574849004000\",\"drcrFlag\":\"\",\"ccy\":\"HKD\",\"amount\":300.00,\"otherName\":\"\",\"txMmo\":\"R00\",\"transactionNo\":\"202405030000029390002\",\"merchantIcon\":\"\",\"tranDetailFlag\":true,\"defaultFlag\":null,\"mmoName\":\"存入定期\",\"tranHistType\":\"regularCheckIn\",\"bizNo\":\"202405030000029390002\"},{\"tranMonth\":\"201911\",\"tranDateTime\":\"1574848879000\",\"drcrFlag\":\"\",\"ccy\":\"HKD\",\"amount\":100.00,\"otherName\":\"\",\"txMmo\":\"R00\",\"transactionNo\":\"202405030000035440002\",\"merchantIcon\":\"\",\"tranDetailFlag\":true,\"defaultFlag\":null,\"mmoName\":\"存入定期\",\"tranHistType\":\"regularCheckIn\",\"bizNo\":\"202405030000035440002\"},{\"tranMonth\":\"201911\",\"tranDateTime\":\"1574846321000\",\"drcrFlag\":\"\",\"ccy\":\"HKD\",\"amount\":100.00,\"otherName\":\"\",\"txMmo\":\"R00\",\"transactionNo\":\"202405030000022840002\",\"merchantIcon\":\"\",\"tranDetailFlag\":true,\"defaultFlag\":null,\"mmoName\":\"存入定期\",\"tranHistType\":\"regularCheckIn\",\"bizNo\":\"202405030000022840002\"},{\"tranMonth\":\"201911\",\"tranDateTime\":\"1574757995000\",\"drcrFlag\":\"\",\"ccy\":\"HKD\",\"amount\":70.00,\"otherName\":\"\",\"txMmo\":\"R00\",\"transactionNo\":\"202405020000026020002\",\"merchantIcon\":\"\",\"tranDetailFlag\":true,\"defaultFlag\":null,\"mmoName\":\"存入定期\",\"tranHistType\":\"regularCheckIn\",\"bizNo\":\"202405020000026020002\"},{\"tranMonth\":\"201911\",\"tranDateTime\":\"1574757874000\",\"drcrFlag\":\"\",\"ccy\":\"HKD\",\"amount\":300.00,\"otherName\":\"\",\"txMmo\":\"R00\",\"transactionNo\":\"202405020000021750002\",\"merchantIcon\":\"\",\"tranDetailFlag\":true,\"defaultFlag\":null,\"mmoName\":\"存入定期\",\"tranHistType\":\"regularCheckIn\",\"bizNo\":\"202405020000021750002\"},{\"tranMonth\":\"201911\",\"tranDateTime\":\"1574757748000\",\"drcrFlag\":\"\",\"ccy\":\"HKD\",\"amount\":100.00,\"otherName\":\"\",\"txMmo\":\"R00\",\"transactionNo\":\"202405020000033490002\",\"merchantIcon\":\"\",\"tranDetailFlag\":true,\"defaultFlag\":null,\"mmoName\":\"存入定期\",\"tranHistType\":\"regularCheckIn\",\"bizNo\":\"202405020000033490002\"},{\"tranMonth\":\"201911\",\"tranDateTime\":\"1574757322000\",\"drcrFlag\":\"\",\"ccy\":\"HKD\",\"amount\":70.00,\"otherName\":\"\",\"txMmo\":\"R00\",\"transactionNo\":\"202405020000030280002\",\"merchantIcon\":\"\",\"tranDetailFlag\":true,\"defaultFlag\":null,\"mmoName\":\"存入定期\",\"tranHistType\":\"regularCheckIn\",\"bizNo\":\"202405020000030280002\"},{\"tranMonth\":\"201911\",\"tranDateTime\":\"1574757201000\",\"drcrFlag\":\"\",\"ccy\":\"HKD\",\"amount\":300.00,\"otherName\":\"\",\"txMmo\":\"R00\",\"transactionNo\":\"202405020000027680002\",\"merchantIcon\":\"\",\"tranDetailFlag\":true,\"defaultFlag\":null,\"mmoName\":\"存入定期\",\"tranHistType\":\"regularCheckIn\",\"bizNo\":\"202405020000027680002\"},{\"tranMonth\":\"201911\",\"tranDateTime\":\"1574757075000\",\"drcrFlag\":\"\",\"ccy\":\"HKD\",\"amount\":100.00,\"otherName\":\"\",\"txMmo\":\"R00\",\"transactionNo\":\"202405020000026760002\",\"merchantIcon\":\"\",\"tranDetailFlag\":true,\"defaultFlag\":null,\"mmoName\":\"存入定期\",\"tranHistType\":\"regularCheckIn\",\"bizNo\":\"202405020000026760002\"},{\"tranMonth\":\"201911\",\"tranDateTime\":\"1574756072000\",\"drcrFlag\":\"\",\"ccy\":\"HKD\",\"amount\":70.00,\"otherName\":\"\",\"txMmo\":\"R00\",\"transactionNo\":\"202405020000021320002\",\"merchantIcon\":\"\",\"tranDetailFlag\":true,\"defaultFlag\":null,\"mmoName\":\"存入定期\",\"tranHistType\":\"regularCheckIn\",\"bizNo\":\"202405020000021320002\"},{\"tranMonth\":\"201911\",\"tranDateTime\":\"1574755951000\",\"drcrFlag\":\"\",\"ccy\":\"HKD\",\"amount\":300.00,\"otherName\":\"\",\"txMmo\":\"R00\",\"transactionNo\":\"202405020000030470002\",\"merchantIcon\":\"\",\"tranDetailFlag\":true,\"defaultFlag\":null,\"mmoName\":\"存入定期\",\"tranHistType\":\"regularCheckIn\",\"bizNo\":\"202405020000030470002\"},{\"tranMonth\":\"201911\",\"tranDateTime\":\"1574755824000\",\"drcrFlag\":\"\",\"ccy\":\"HKD\",\"amount\":100.00,\"otherName\":\"\",\"txMmo\":\"R00\",\"transactionNo\":\"202405020000027440002\",\"merchantIcon\":\"\",\"tranDetailFlag\":true,\"defaultFlag\":null,\"mmoName\":\"存入定期\",\"tranHistType\":\"regularCheckIn\",\"bizNo\":\"202405020000027440002\"}]}]},\"success\":true}"
    },
    {
      "time_consuming": 40,
      "stepname": "",
      "url": "https://bankpreidc.zatech.com/letter/nckfj3/reddot/num?sign=66ED08AB195D042ADB031264648C3A6AA0EA563950B5B926855A57A5555119CD&signVersion=V1&timestamp=1575959901",
      "pipe": null,
      "startTime": 1575959901946,
      "api_details": "{\"code\":\"LT0000\",\"msg\":\"success\",\"serverTime\":\"2019-12-10 06:38:21\",\"value\":{\"msgNum\":\"6\",\"unReads\":\"2264553,2265089,2265794,2267043,2267048,2268147\"},\"success\":true}"
    },
    {
      "time_consuming": 26,
      "stepname": "",
      "url": "https://bankpreidc.zatech.com/letter/pkaogf/announcement/query?sign=5C3EF2B58DA318A976698258C521042BEE734AAA7CAA642F286AAE04B9C06E50&signVersion=V1&timestamp=1575959902",
      "pipe": null,
      "startTime": 1575959902020,
      "api_details": "{\"code\":\"LT0000\",\"msg\":\"success\",\"serverTime\":\"2019-12-10 06:38:22\",\"value\":{\"list\":[]},\"success\":true}"
    },
    {
      "time_consuming": 79,
      "stepname": "",
      "url": "https://bankpreidc.zatech.com/core/normal/account/info",
      "pipe": null,
      "startTime": 1575959902143,
      "api_details": "{\"code\":\"CC0000\",\"msg\":\"成功\",\"serverTime\":\"2019-12-10 14:38:22\",\"value\":{\"accountStatus\":\"A00\",\"accountOpenDate\":\"2023-05-10\",\"liteAccount\":false,\"restricted\":false,\"upgradeStatus\":2,\"cdds\":[{\"step\":1,\"status\":true},{\"step\":2,\"status\":true}]},\"success\":true}"
    },
    {
      "time_consuming": null,
      "stepname": "点击定期",
      "startTime": 1575959908000,
      "url": "",
      "api_details": ""
    },
    {
      "time_consuming": null,
      "stepname": "点击定存2个月（2）",
      "startTime": 1575959919000,
      "url": "",
      "api_details": ""
    },
    {
      "time_consuming": 138,
      "stepname": "",
      "url": "https://bankpreidc.zatech.com/acc/tutysr/current/find",
      "pipe": null,
      "startTime": 1575959919233,
      "api_details": "{\"code\":\"CC0000\",\"msg\":\"成功\",\"serverTime\":\"2019-12-10 14:38:39\",\"value\":{\"liteAccount\":false,\"limitAccount\":false,\"hasOtp\":true,\"restricted\":false,\"bizType\":\"ACCOUNT\",\"cdds\":null,\"productCode\":\"DD000001\",\"customerNo\":\"8000001807\",\"cnName\":\"葉芷暵\",\"enName\":\"IP Tsz Ching\",\"accountStatus\":\"A00\",\"accountOpenDate\":\"2023-05-10\",\"details\":[{\"ccy\":\"HKD\",\"currentBalance\":196281.22,\"availableBalance\":196281.22,\"lastFloatBalance\":0.00,\"todayFloatBalance\":0.00,\"specialFloatBalance\":0.00,\"holdAmount\":0.00,\"odLimit\":null,\"rate\":1.68}]},\"success\":true}"
    },
    {
      "time_consuming": 207,
      "stepname": "",
      "url": "https://bankpreidc.zatech.com/acc/pid8dc/rate/find",
      "pipe": null,
      "startTime": 1575959919281,
      "api_details": "{\"code\":\"CC0000\",\"msg\":\"成功\",\"serverTime\":\"2019-12-10 14:38:39\",\"value\":[{\"tenOr\":\"7\",\"rate\":1.96000000,\"miniDepositAmount\":\"1.00\",\"couponList\":[]},{\"tenOr\":\"101\",\"rate\":2.00000000,\"miniDepositAmount\":\"1.00\",\"couponList\":[]},{\"tenOr\":\"102\",\"rate\":2.20000000,\"miniDepositAmount\":\"1.00\",\"couponList\":[]},{\"tenOr\":\"103\",\"rate\":2.00000000,\"miniDepositAmount\":\"1.00\",\"couponList\":[]},{\"tenOr\":\"106\",\"rate\":2.40000000,\"miniDepositAmount\":\"1.00\",\"couponList\":[]},{\"tenOr\":\"112\",\"rate\":2.50000000,\"miniDepositAmount\":\"1.00\",\"couponList\":[]},{\"tenOr\":\"124\",\"rate\":5.12340000,\"miniDepositAmount\":\"1.00\",\"couponList\":[]}],\"success\":true}"
    },
    {
      "time_consuming": null,
      "stepname": "点击存入金额",
      "startTime": 1575959930000,
      "url": "",
      "api_details": ""
    },
    {
      "time_consuming": null,
      "stepname": "点击1",
      "startTime": 1575959941000,
      "url": "",
      "api_details": ""
    },
    {
      "time_consuming": null,
      "stepname": "点击0",
      "startTime": 1575959953000,
      "url": "",
      "api_details": ""
    },
    {
      "time_consuming": null,
      "stepname": "点击0",
      "startTime": 1575959964000,
      "url": "",
      "api_details": ""
    },
    {
      "time_consuming": null,
      "stepname": "收起键盘（1）",
      "startTime": 1575959975000,
      "url": "",
      "api_details": ""
    },
    {
      "time_consuming": 166,
      "stepname": "",
      "url": "https://bankpreidc.zatech.com/ci/nvh8jl/deposit/trial",
      "pipe": null,
      "startTime": 1575959975913,
      "api_details": "{\"code\":\"CC0000\",\"msg\":\"成功\",\"serverTime\":\"2019-12-10 14:39:36\",\"value\":{\"ccy\":\"HKD\",\"amount\":100.00,\"tenor\":\"102\",\"valueDateTime\":\"1719936000000\",\"expireDateTime\":\"1725292800000\",\"expireAmount\":100.37,\"interest\":0.37,\"contractRate\":2.20000000},\"success\":true}"
    },
    {
      "time_consuming": null,
      "stepname": "点击马上存入",
      "startTime": 1575959987000,
      "url": "",
      "api_details": ""
    },
    {
      "time_consuming": null,
      "stepname": "点击继续",
      "startTime": 1575959999000,
      "url": "",
      "api_details": ""
    },
    {
      "time_consuming": null,
      "stepname": "点击确定（1）",
      "startTime": 1575960011000,
      "url": "",
      "api_details": ""
    },
    {
      "time_consuming": 621,
      "stepname": "",
      "url": "https://bankpreidc.zatech.com/ci/nbcvfs/deposit/new",
      "pipe": null,
      "startTime": 1575960011809,
      "api_details": "{\"code\":\"CC0000\",\"msg\":\"成功\",\"serverTime\":\"2019-12-10 14:40:12\",\"value\":{\"conNo\":\"801250000001320\",\"serialNo\":\"1\",\"ccy\":\"HKD\",\"amount\":100.00,\"tenor\":\"102\",\"valueDateTime\":\"1719936000000\",\"expireDateTime\":\"1725292800000\",\"expireAmount\":100.37,\"settleCcy\":\"HKD\",\"settleAmount\":100.00,\"contractRate\":2.20000000},\"success\":true}"
    },
    {
      "time_consuming": null,
      "stepname": "判断昵称是否存入成功",
      "startTime": 1575960021000,
      "url": "",
      "api_details": ""
    }
  ]
}